{"total_records": 1488, "houses": 1, "hourly_avg": {"0": 0.21, "1": 0.18, "2": 0.17, "3": 0.19, "4": 0.17, "5": 0.16, "6": 0.18, "7": 0.18, "8": 0.29, "9": 0.48, "10": 0.43, "11": 0.49, "12": 0.53, "13": 0.55, "14": 0.63, "15": 0.71, "16": 0.46, "17": 0.58, "18": 0.66, "19": 0.77, "20": 0.67, "21": 0.58, "22": 0.42, "23": 0.25}, "monthly_avg": {"1": 0.41}, "weekday_avg": {"Friday": 0.62, "Monday": 0.31, "Saturday": 0.54, "Sunday": 0.47, "Thursday": 0.4, "Tuesday": 0.15, "Wednesday": 0.31}, "season_avg": {"Winter": 0.41}, "holiday_avg": {"0": 0.4, "1": 0.89}, "weather_avg": {"1": 0.47, "2": 0.47, "3": 0.34, "10": 0.19, "11": 0.95, "15": 0.34, "20": 0.32, "21": 0.27, "23": 0.79, "25": 0.6, "26": 0.29, "27": 0.85, "28": 0.38, "40": 0.17, "42": 0.47, "44": 0.28, "45": 0.18, "46": 0.25, "47": 0.12, "48": 0.72, "49": 0.13, "50": 0.38, "51": 0.31, "56": 0.21, "58": 0.41, "60": 0.24, "61": 0.2, "62": 0.14, "68": 0.18, "80": 0.73, "83": 0.42, "85": 0.42, "87": 1.09, "89": 0.22, "93": 0.14}, "temp_avg": {"Very Cold": 0.37, "Cold": 0.52, "Mild": 0.4, "Warm": 0.34, "Hot": 0.51}, "appliance_means": {"Washing_Mach": 0.0, "Microwave": 0.0, "TV": 0.0, "Dishwasher": 0.0, "sum_appliances": 0.01, "unallocated": 0.41, "demand": 0.41}, "peak_hour": 19, "peak_demand": 4.392, "base_load": 0.17127096774193545, "daily_variability": 0.4547291543318125, "cold_weather_pct": NaN, "washing_annual_cost": 3.553127615805978, "total_savings_potential": 166.06593828474178}
